author,date,text
MARTINI,13 гру 2012,"А давайте, хто став свідком чи учасником ДТП, ділитися картинками
У конкурсі ""Я паркуюсь, як олень"" водій цієї Субари має всі шанси стати чемпіоном
Щойно на Личаківській
Мінута слави ЛФ
"
Forest,13 гру 2012,"Ніхто не постраждав? До речі, тема повчальна, я вперше дізнався, що олені паркуються.
"
MARTINI,13 гру 2012,"Кажуть, що було ще друге авто, розвернуте поперек дороги, його вже забрали. Тобто я сильно спізнився.
Чи хтось постраждав, інфи наразі нема
"
soviet,12 січ 2013,"Повезло водію Субару, що нікого на тротуарі не збив, мабуть оминав перешкоду і на колії занесло
"
Мих,12 січ 2013,"Цитата від Forest:
Ніхто не постраждав? До речі, тема повчальна, я вперше дізнався, що олені паркуються.

То не олень, то гуцул, судячи з номерів.
Ну хотів до мобі магазину поближче добратися...
"
MARTINI,22 лют 2013,"Знову Личаківська
"
soviet,23 лют 2013,"Цитата від MARTINI:
Знову Личаківська

вуйко на камазі ""попав"", шкода-шкода.
"
MARTINI,10 чер 2013,"Яка прекрасна ДТП, подивіться
На Коперніка трамвай занесло в повороті і він кормою заднього вагону врізався в білу тойоту, що рухалась назустріч. У тойоти понівечений лівий бік. Ніхто не постраждав
Водій трамвая видно входив в поворот на ручнику, ""Форсажу"" передивився
"
MARTINI,10 чер 2013,"А тут ще оригінальніша ДТП. Трамвай в""їхав у велобар на пл.Ринок.
Ще фото з фейсбуків
"
Полковник,10 чер 2013,"Цитата від MARTINI:
велобар

Что в подобных барах подают?
"
MARTINI,11 чер 2013,"Пиво. П""єш пиво, крутиш педалі, ржеш як кінь і улюлюкаєш як обізяна. Бар їде площею Ринок, лякає перехожих, а вам від того ще веселіше.
"
soviet,11 чер 2013,"Водії велобару мабуть були усі напідпитку)))))
"
MARTINI,11 чер 2013,"Цитата від soviet:
Водії велобару мабуть були усі напідпитку)))))

не знаю, як водії, але двигуни точно були бухі
"
Полковник,12 чер 2013,"Цитата від MARTINI:
А тут ще оригінальніша ДТП. Трамвай в""їхав у велобар на пл.Ринок.

Оказывается, что это событие всегородского масштаба:
У ДАІ Львова повідомили, що до них жодна зі сторін не зверталася, тому  вони не оформляли ДТП. Заступник директора з руху ЛКП  «Львівелектротранс» Олег Білокурий зазначив, оскільки у зіткненні ніхто  не постраждав і вагон трамвая не був пошкоджений, то до правоохоронців  не зверталися.
Начальник управління транспорту Львівської міськради Олег Засадний  розповів, що за погодженням на такі веломандрівки центром звернувся лише  «Кумпель-тур». «Ми їм написали, яка повинна бути швидкість, що не можна  продавати алкоголь, музика без підсилювачів. Вони сказали, що їм це не  цікаво при таких умовах і тому не їздять, а їздять зовсім інші люди, які  не отримували погоджень», – сказав чиновник. Він зазначив, що  управління транспорту звернулося в ДАІ, аби вжити заходів щодо того  транспортного засобу. Інспектор ДАІ Людмила Ліб повідомила, що до них за  погодженнями звертався  також лише ресторан «Кумпель». Вона зазначила,  що ініціюватимуть заборону використання такого велоатракціону у  центральній частині міста.
Директор з маркетингу мережі ресторанів «Кумпель груп» Денис Римський у  коментарі ZAXID.NET сказав, що той велосипед, який потрапив у ДТП, не  належить «Кумпелю». «Це був ровер невідомої компанії, який без жодних  дозволів їздить центром міста. Ще у квітні ми отримали дозволи від ДАІ  та управління транспорту щодо погоджених маршрутів та правил безпеки,  але з ними ми функціонували впродовж одного місяця», – розповів він. За  його словами, після 13 травня пивний ровер їхньої компанії не виїжджав.
"
MARTINI,13 чер 2013,"Перехрестя Стрийська-Наукова, зіткнення двох БМВ.
Хто винен?
Олень на синій БМВ, який явно пролітав вже на червоне світло?
Олень на сірій БМВ, який рушив ще на жовтий сигнал світлофора?
Олень на запорожці, який заглох посеред перехрестя?
"
консультант,13 чер 2013,"Цитата від MARTINI:
Перехрестя Стрийська-Наукова, зіткнення двох БМВ.
Хто винен?
Олень на синій БМВ, який явно пролітав вже на червоне світло?
Олень на сірій БМВ, який рушив ще на жовтий сигнал світлофора?
Олень на запорожці, який заглох посеред перехрестя?

Вважаю, що олень на сірій БМВ, який рушив ще на жовтий сигнал світлофора. Почекав би на зелене світло, то на синій БМВ встиг би проскочити. Думаю, що той на синім БМВ наздоганяв зелене світло, яке згасло перед ним.
"
MARTINI,13 чер 2013,"але якась невелика частка секунди тут врятували життя кільком людям
Якби синій на тій швидкості не черканувся об сірого, а вальнувся йому в бочину, все було б значно сумніше
"
MARTINI,13 чер 2013,"до речі ДАІшники вказали саме на синього, як на винуватця ДТП
але мені здається, що це чудесний зразок взаємного притягування оленів в одному місці і в один час. Всі троє тут свою роль зіграли
"
mrochkizm,13 чер 2013,"Цитата від MARTINI:
Олень на синій БМВ, який явно пролітав вже на червоне світло?

Олень на сірій БМВ, який рушив ще на жовтий сигнал світлофора?

Обоє рябоє, як на мене. Тихіше їдеш - далі будеш. Звісно, якщо не нарвешся на оленя, якому
не писані.
"
MARTINI,14 чер 2013,"Сьогодні вранці на Стуса.
Велосипедист їхав головною дорогою і був збитий бусом.
Велосипедиста забрала швидка.
Сам досить часто, їдучи ровером головною дорогою, зустрічаю рагулів, які виїжджають з другорядної так, ніби мене не існує. Дивиться на тебе, явно бачить, що ти наближаєшся, але пре. ""Це ж ніщєброд і невдаха якийсь педалі крутить, не то шо я, купив си вусьмьорку!""
"
Мих,11 лип 2015,"Цитата від prius:


Отой рагулізм починається зверху.
Ніхто просто не розуміє яке бабло коситься на транспорті і які хабарі там ходять. От підняли ціну проїзду на транспорт - на маршрутки на 1 гривню.
Хто задава собі запитання: скільки від цього заробив перевізник?
Якщо взяти валом всі маршрутки, всі рейси у Львові, то ДОДАТКОВО перевізник в місяць отримає 5 000 000 грн. Питання є? То є
прибуток  з 1 грн. і то самим скромним підрахункам. А тепер про хабарі. Ви ж розумієте, щоб отримати пару добрих ресів, потрібно добре відвалити. Перевізників міняють, розривають договори, щоб знову заключити новий договір і все це хабарі, а потім відстьогування щомісяця. Їм не до пасажирів, вони ділять бабло.
"
Veselka alj,11 лип 2015,"Цитата від prius:
А ще прикол якщо це невістка її засадила,а тепер похваляєтся що в свекрухи добрий краєвид з вікна

Хохо свою свекруху я люблю!! Це вони якраз живуть в будинку навпроти тюрми та славнозвісни каштанів))
"
Green belt,23 лип 2015,"Цитата від Ворон:
Львів можна пішки перейти за годину. А женуть ніби до Улан-Батора потрібно за добу доїхати.

Ага, Львів зразка 1272 року. Складно уявити годинний перехід на роботу 2а рази в день, наприклад по маршруту Рясне - Зелена.
Цитата від Ворон:
Львів можна пішки перейти за годину. А женуть ніби до Улан-Батора потрібно за добу доїхати.

І бізнес одразу заборонити, розїздились бізнесмени кляті, хай на кільцевій працюють.
"
Veselka alj,23 лип 2015,"Цитата від Green belt:
І бізнес одразу заборонити, розїздились бізнесмени кляті, хай на кільцевій працюють.

Ага розбудовують нові мікрорайони!!
"
Ворон,23 лип 2015,"Цитата від Green belt:
І бізнес одразу заборонити, розїздились бізнесмени кляті, хай на кільцевій працюють.

В центрі заборонити можна. Він маленький. Підприємства можуть купити спец.дозвіл. Дорогий. Якщо податки з подібного лишатимуться в місті це тільки на користь. Ні я згоден це скорше на майбутнє. На нині ще зарано.
"
kym,24 лип 2015,"Цитата від Green belt:
Ага, Львів зразка 1272 року.

Від Метро на кільцевій -Городоцькій до Галицького перехрестя (виїзд на Київ) - машиною в час найменьших пробок  від 45 хв до 1.2 год.
"
Veselka alj,24 лип 2015,"Цитата від kym:
Галицького перехрестя (виїзд на Київ) - машиною в час найменьших пробок від 45 хв до 1.2 год.

Ну в цьому районі пробок не дуже, хіба що на пішоходному переході, або коли ДТП є.
"
Veselka alj,24 жов 2015,"На Гал-перехресті було зручно зробити кільце таке як на перехресті Кульпарківська - Наукова, забрати кінцеву зупинку біля і перенести до Рукавички
"
MARTINI,30 лис 2015,"Отакево нині було у Львові.
"
ІгорМ,30 лис 2015,"Капець...
"
Veselka alj,1 гру 2015,"Цитата від MARTINI:
Отакево нині було у Львові.

Та
Цікаво чи все добре з пасажирами автівки?
Куда дивляться наші жеки, комунальні господарства
"
MARTINI,1 гру 2015,"З пасажиром все добре. Водій заробив серйозну травму хребта
"
Мих,1 гру 2015,"щоб зрізати трухляве дерево стільки дозволів тре.... а як впаде кому на голову - нема відповідальних.
"
MARTINI,1 гру 2015,"Сьогодні он взагалі такий казус всплив
"
Veselka alj,4 гру 2015,"Цитата від MARTINI:
З пасажиром все добре. Водій заробив серйозну травму хребта

Бідолаха! А саме основне що ніхто йому не покриє витрат на лікування(
"
MARTINI,3 лют 2016,
Veselka alj,9 кві 2015,"Цитата від MARTINI:


А причини встановлені такого загоряння? Цікаво чи ніхто не постраждав
"
manur,9 кві 2015,"Біля 13 год проїжджав там сьогодні. Ще він обгорілий там стояв...
"
Veselka alj,10 кві 2015,"Цитата від manur:
Ще він обгорілий там стояв.

А що є якісь жертви?
"
MARTINI,10 кві 2015,"водія госпіталізовано, пасажири не постраждали
"
Veselka alj,10 кві 2015,"Цитата від MARTINI:
водія госпіталізовано, пасажири не постраждали

а причина загоряння. Добре що хоть не постраждали люди, водія шкод
"
Ворон,24 чер 2015,"Цитата від Shaggy:


Якщо мудак перед зміною світла так жене на вантажівці ще на повороті він вантажівкою права їздити не повинен мати.
"
Un.Known,10 кві 2015,"Цитата від Veselka alj:
а причина загоряння.

Хтось в школі пропускав параграф про розділові знаки. Від того великі біди бувають.
"
Veselka alj,10 кві 2015,"Цитата від Un.Known:
Від того великі біди бувають

Від чого саме? Від розділових знаків
"
Іспанка,10 кві 2015,"Цитата від Veselka alj:
Від чого саме? Від розділових знаків

Від їхньої відсутності
"
Shaggy,24 чер 2015,"Цитата від Ворон:
Якщо мудак перед зміною світла так жене на вантажівці ще на повороті він вантажівкою права їздити не повинен мати.

Як жене? Я не побачив там нічого такого ""женучого"". На моргаюче зелене він спокійно міг їхати, а не тиснути в гальма і зупиняти машину 10ти тонну... І повороту там ніякого немає.
"
Ворон,24 чер 2015,"Цитата від Shaggy:
Як жене? Я не побачив там нічого такого ""женучого"". На моргаюче зелене він спокійно міг їхати, а не тиснути в гальма і зупиняти машину 10ти тонну... І повороту там ніякого немає.

І взагалі все прекрасно. )
"
muravey,25 чер 2015,"Цитата від Shaggy:
Як жене? Я не побачив там нічого такого ""женучого"". На моргаюче зелене він спокійно міг їхати, а не тиснути в гальма і зупиняти машину 10ти тонну... І повороту там ніякого немає.

Вот такие философы на моргающий зеленый спокойно едут, поддавая газку. Каждый день, на Стрыйской-Сахарова. А пока они от мигающего зеленого доезжают до пешеходного перехода - там уже 2 секунды как зеленый горит для пешеходов! Со звуковым сопровождением для слабовидящих и слепых - дескать, ""чпок-чпок, уже идти можно!"" А оказывается, нельзя, потому что когда тело проезжало светофор, оно не думало, что впереди еще длиииинный перекресток, а за ним переход - оно думало, шо в своем праве. Здравый смысл? Не, не слышал. За нас ГАИ подумало уже и очень классно расставило знаки, отрегулировало светофоры и т.п.
Простите за оффтоп. Водитель трамвая виновна по всем правилам и скорее всего должна быть уволена с транспорта, но водитель грузовичка - нифига не бэтмен, чтоб на своей бандуре перекресточки проскакивать. И никто не бэтмен. Надо не о праве своем думать, а о безопасности себ и окружающих. О правах думают, когда уже случилось.
"
MARTINI,13 гру 2012,"А давайте, хто став свідком чи учасником ДТП, ділитися картинками
У конкурсі ""Я паркуюсь, як олень"" водій цієї Субари має всі шанси стати чемпіоном
Щойно на Личаківській
Мінута слави ЛФ
"
manur,11 чер 2015,
Veselka alj,12 чер 2015,"Цитата від Іспанка:
Від їхньої відсутності

Це не саме основне
"
manur,12 чер 2015,"Цитата від Veselka alj:
Це не саме основне

Мадам, я не хочу на вас ""наїжджати"", але, чесно кажучи, виставивши аватаркою емблему відомого видавництва, ви тим самим взяли на себе зобов""язання писати бодай грамотно. Але у вас тото ніяк не виходить.
Будьте такі ласкаві, трішки ""підтягніть"" свій рівень грамотності.
"
MARTINI,24 чер 2015,"Хто винен?
- Трамвай?
- Вантажівка?
- Рускає радіо?
"
Shaggy,25 чер 2015,"Цитата від muravey:
Вот такие философы на моргающий зеленый спокойно едут, поддавая газку. Каждый день, на Стрыйской-Сахарова. А пока они от мигающего зеленого доезжают до пешеходного перехода - там уже 2 секунды как зеленый горит для пешеходов! Со звуковым сопровождением для слабовидящих и слепых - дескать, ""чпок-чпок, уже идти можно!""

Ну це  все проблеми регулювання світлофорів. Ні у Відні ні в Німеччині я ніде не зустрічав щоб рухалось одночасно два і більше потоків. Їдуть спочатку одні, потім другі, потім йдуть пішоходи, всі стоять. А не так як в нас, наче зелене, але мусиш пропустти пішоходів... І потім окремо велосипедисти їдуть. Ну і затримки між світлофорами є, а не одночасно жовте з двох сторін.
є і не факт шо водій грузовика все ж їх порушив... При нагоді спеціально поїду і поспостерігаю там за переключеннями сфітлофора з обох боків.
"
muravey,25 чер 2015,"Я не говорю, что он их нарушил - скорее всего, нет, но мудрым его решение я бы не назвал.
"
Picasso,25 чер 2015,"Цитата від muravey:
Вот такие философы на моргающий зеленый спокойно едут

Прошу пана, а де заборонено на зелений їхати? Навіть нехай на блимаючий?
Цитата від Shaggy:
Вот такие философы на моргающий зеленый спокойно едут

В момент переключення жовтого він був уже на середині перехрестя
Цитата від muravey:
Вот такие философы на моргающий зеленый спокойно едут

Скільки років стажу на вантажівках? До чого тут бетмен? Заміряли уже швидкість?
Цитата від Ворон:
Вот такие философы на моргающий зеленый спокойно едут

Ще раз, з чого взяли що жене? Де там поворот? Зповільніть відео, поріняйте швидкість вантажівки з попредніми авто, що проїхали перехрестя.
"
Forest,13 гру 2012,"Ніхто не постраждав? До речі, тема повчальна, я вперше дізнався, що олені паркуються.
"
MARTINI,13 гру 2012,"Кажуть, що було ще друге авто, розвернуте поперек дороги, його вже забрали. Тобто я сильно спізнився.
Чи хтось постраждав, інфи наразі нема
"
soviet,12 січ 2013,"Повезло водію Субару, що нікого на тротуарі не збив, мабуть оминав перешкоду і на колії занесло
"
Мих,12 січ 2013,"Цитата від Forest:
Ніхто не постраждав? До речі, тема повчальна, я вперше дізнався, що олені паркуються.

То не олень, то гуцул, судячи з номерів.
Ну хотів до мобі магазину поближче добратися...
"
Ворон,24 чер 2015,"Цитата від MARTINI:
- Рускає радіо?

Радіо головний винуватець.
Але за ним іде вантажівка. Так вгатити трамвай потрібно вміти. Окрім того вантажівки у місті мають мати набагато більші вимоги щодо безпечної їзди чим інші види транспорту. Окрім того він навіть не зупинився що робить порушення тяжчим.
"
MARTINI,24 чер 2015,"Цитата від Ворон:
Але за ним іде вантажівка. Так вгатити трамвай потрібно вміти.

а Ви звернули увагу на світлофор?
"
Ворон,24 чер 2015,"Цитата від MARTINI:
а Ви звернули увагу на світлофор?

В місті вантажівка немає мати права так ганяти. Швидкість на якій вона їхала не приведе до доброго. Зупинити таку масу швидко неможливо. Окрім того не бачив щоб вона зупинилась. Можливо зупинилась за кадром. Проїзд на червоне світло без сумніву що є порушенням але не виправдовує необережної їзди вантажівки. Якщо хтось виїздить на червоне це не причина його таранити.
"
Іспанка,14 чер 2013,"Цитата від MARTINI:


Шкода велосипедиста. Взагалі, те перехрестя якесь нещасливе, незрозуміло хто, куди і як їде.
"
muravey,25 чер 2015,"Цитата від Picasso:
Прошу пана, а де заборонено на зелений їхати? Навіть нехай на блимаючий?

Вы читаете, но понимать не хотите. До конца дочитали хоть? Можно, не запрещено, но это не значит, что это лучший выбор. Ситуацию надо оценивать не только исходя из ПДД, вы же не робот. Думаете, много из этих праведников тормознули на переходе, проехав ""по правилам"" перекресток? Ни единого! Только газку наподдали. А ваши любимые ПДД про это что говорят? Что там про ступившего на зебру пешехода написано? Можно давить?
Цитата від Picasso:
Прошу пана, а де заборонено на зелений їхати? Навіть нехай на блимаючий?

Конечно, стоял там с радаром и замерял, на видео меня чуток не видно. Он играючи снес трамвай с рельсов.
"
Picasso,25 чер 2015,"Цитата від muravey:
Вы читаете, но понимать не хотите

Так біда в тому, що кожен рахує, що ХТОСЬ не розуміє. І
Цитата від muravey:
Вы читаете, но понимать не хотите

Буде посилання на
, чи ""я знову тут собі подумав""? Можна копію посвідчення водія в студію?
Цитата від muravey:
Вы читаете, но понимать не хотите

бла-бла-бла. Трамвай ""снёс"" тому, що трамвай був на швидкості. Я вже задавав питання, скільки маєте стажу водіння вантажівок? Попросіть в знайомих проїхатись, тоді будете розказувати
"
MARTINI,22 лют 2013,"Знову Личаківська
"
soviet,23 лют 2013,"Цитата від MARTINI:
Знову Личаківська

вуйко на камазі ""попав"", шкода-шкода.
"
MARTINI,10 чер 2013,"Яка прекрасна ДТП, подивіться
На Коперніка трамвай занесло в повороті і він кормою заднього вагону врізався в білу тойоту, що рухалась назустріч. У тойоти понівечений лівий бік. Ніхто не постраждав
Водій трамвая видно входив в поворот на ручнику, ""Форсажу"" передивився
"
MARTINI,24 чер 2015,"Цитата від Ворон:
Якщо хтось виїздить на червоне це не причина його таранити.

логіка залізна
"
muravey,24 чер 2015,"Цитата від Ворон:
Окрім того він навіть не зупинився що робить порушення тяжчим.

откуда вы знаете? Думаю остановился чуть дальше. Трамвай, кстати, тоже стартанул некисло так. Красный даже не думал сменяться желтым еще, а там сразу гашетку в пол (или как там у трамваев происходит). Явно водитель трамвая накосячил больше.
Вообще оба молодцы. Водитель грузовика явно приближался к перекрестку при мигающем зеленом и выкатился уже на желтый, все твердядт что мол ""имеет право если остановка требует экстренного торможения"". А можно ведь, если зеленый в 20 метрах впереди мигает, на тормоз давить, а не на газ, да?
"
Ворон,24 чер 2015,"Цитата від muravey:
Трамвай, кстати, тоже стартанул некисло так.

Нагадує віц про черепах ""А вони як рвануть"".
Я не говорив що водій трамваю без вини але ТАК на вантажівці в місті їздити не можна. 100 % рано чи пізно буде випадок.
"
Slonb,18 чер 2013,"Жаль человека.
Вот глядя на такие ДТП, привыкаешь
, хотя бы мельком осматриваться на перекрестке. Неважно, на чем едешь, велик или авто. Но велик должен это делать вдвойне. Ведь, если меня на велике собьет машина - мне будет хуже в любом случае
"
Rostok,21 чер 2013,"рагулів хватає всюди.. і на дорозі, і на тротуарах ((
"
Somik,24 лип 2013,"І знову номера АІ або АТ ! То не гуцули то барани Франківські!
"
Little Miracle,25 лип 2013,"Цитата від Somik:
І знову номера АІ або АТ ! То не гуцули то барани Франківські!

Вони просто недавно з гір спустились, ще ніяк привикнути не можуть, що на дорогах існують певні
, не те що в них там - згори на гору перестрибувати...
"
Samojlovu4,25 лип 2013,"Ади, яка львiв""янка.... Вчитися до Львова з якого шела приiхали, чи батьки вашi?!
"
muravey,25 чер 2015,"Почитайте еще раз. Пешеход переходит по зебре, на зеленый сигнал светофора. Где ваше удостоверение инспектора?
"
MARTINI,25 чер 2015,"муравєй, можна зробити скріншот де було б видно пішохода, який йде на зелене? Бо я ще три рази передивився, нічого не побачив крім трамвая, який їде на червоне
"
Picasso,25 чер 2015,"Цитата від muravey:
Почитайте еще раз. Пешеход переходит по зебре, на зеленый сигнал светофора.

Що почитати? Я просив посилання на пункт правил "" про ступившего на зебру пешехода""
Цитата від muravey:
Почитайте еще раз. Пешеход переходит по зебре, на зеленый сигнал светофора.

Потихенько зливаєм? Тоді, принаймі, пишіть, що так от я собі подумав, і думав що так буде правильно. Нема в правилах про ступівшего пешехода. Вантажівка заїхала на перехрестя на зелений сигнал світлофора, а трамвай злетів від зіткнення так сильно тому, що сам уже розігнався. Все інше, це домисли і побажання. І якби водій/ка трамвая не тупанув/ла, то пригоди б не було
"
MARTINI,10 чер 2013,"А тут ще оригінальніша ДТП. Трамвай в""їхав у велобар на пл.Ринок.
Ще фото з фейсбуків
"
Полковник,10 чер 2013,"Цитата від MARTINI:
велобар

Что в подобных барах подают?
"
MARTINI,11 чер 2013,"Пиво. П""єш пиво, крутиш педалі, ржеш як кінь і улюлюкаєш як обізяна. Бар їде площею Ринок, лякає перехожих, а вам від того ще веселіше.
"
Shaggy,24 чер 2015,"Цитата від Ворон:
ТАК на вантажівці в місті їздити не можна. 100 % рано чи пізно буде випадок.

Обмеження 60 для всіх. Не доказано що він перевищував швидкість. Якби трамвай не поїхав на червоне то ніякого б випадку не було)))
"
Ворон,24 чер 2015,"Цитата від MARTINI:
логіка залізна

Я добре знаю якими мудаками є львівські водії. Багато з них свято вірять що переїздити все що менше від них є їхнім кровним правом. Що спонукає деяких до кримінальних злочинів за кермом. В даному випадку водій вантажівки винен більше через те що вів машину спроможну вбити пасажирів кількох легкових. Необережне водіння вантажівки і випадок це досить серйозне порушення. Втрата права на водіння вантажних автомобілів це як мінімум.
"
Little Miracle,25 лип 2013,"Не переживайте - корінна львів'янка
"
Samojlovu4,25 лип 2013,"Три рази ха-ха.
"
Little Miracle,25 лип 2013,"А от зависть погане почуття...
"
MARTINI,1 сер 2013,"Знову те ж саме місце
"
muravey,25 чер 2015,"Это офтоп был, за который я извинился
На видео только нарушение правил водителем трамвая.
"
Picasso,25 чер 2015,"Цитата від MARTINI:
муравєй, можна зробити скріншот де було б видно пішохода, який йде на зелене? Бо я ще три рази передивився, нічого не побачив крім трамвая, який їде на червоне

Мартіні, то він про іншу оперу
"
MARTINI,25 чер 2015,"ше можна було б подумати, шо дійсно у вантажівці якийсь олень їде, який проскакує. Але там крім нього видно, що на такій же швидкості поруч їде темний седан. А перед вантажівкою перехрестя проїжджають машини на явно ще більшій швидкості.
"
Ворон,25 чер 2015,"Цитата від MARTINI:
ше можна було б подумати, шо дійсно у вантажівці якийсь олень їде, який проскакує. Але там крім нього видно, що на такій же швидкості поруч їде темний седан. А перед вантажівкою перехрестя проїжджають машини на явно ще більшій швидкості.

Автомобілі повинні їздити по місту як анґлійські поні а не табун п'яних бізонів за яким женуться команчі.
"
soviet,11 чер 2013,"Водії велобару мабуть були усі напідпитку)))))
"
MARTINI,11 чер 2013,"Цитата від soviet:
Водії велобару мабуть були усі напідпитку)))))

не знаю, як водії, але двигуни точно були бухі
"
Полковник,12 чер 2013,"Цитата від MARTINI:
А тут ще оригінальніша ДТП. Трамвай в""їхав у велобар на пл.Ринок.

Оказывается, что это событие всегородского масштаба:
У ДАІ Львова повідомили, що до них жодна зі сторін не зверталася, тому  вони не оформляли ДТП. Заступник директора з руху ЛКП  «Львівелектротранс» Олег Білокурий зазначив, оскільки у зіткненні ніхто  не постраждав і вагон трамвая не був пошкоджений, то до правоохоронців  не зверталися.
Начальник управління транспорту Львівської міськради Олег Засадний  розповів, що за погодженням на такі веломандрівки центром звернувся лише  «Кумпель-тур». «Ми їм написали, яка повинна бути швидкість, що не можна  продавати алкоголь, музика без підсилювачів. Вони сказали, що їм це не  цікаво при таких умовах і тому не їздять, а їздять зовсім інші люди, які  не отримували погоджень», – сказав чиновник. Він зазначив, що  управління транспорту звернулося в ДАІ, аби вжити заходів щодо того  транспортного засобу. Інспектор ДАІ Людмила Ліб повідомила, що до них за  погодженнями звертався  також лише ресторан «Кумпель». Вона зазначила,  що ініціюватимуть заборону використання такого велоатракціону у  центральній частині міста.
Директор з маркетингу мережі ресторанів «Кумпель груп» Денис Римський у  коментарі ZAXID.NET сказав, що той велосипед, який потрапив у ДТП, не  належить «Кумпелю». «Це був ровер невідомої компанії, який без жодних  дозволів їздить центром міста. Ще у квітні ми отримали дозволи від ДАІ  та управління транспорту щодо погоджених маршрутів та правил безпеки,  але з ними ми функціонували впродовж одного місяця», – розповів він. За  його словами, після 13 травня пивний ровер їхньої компанії не виїжджав.
"
MARTINI,14 жов 2013,
MARTINI,15 жов 2013,"У Львові не розминулись дві фіри
"
ricardo,7 лис 2013,"Цитата від Somik:
І знову номера АІ або АТ ! То не гуцули то барани Франківські!

AI - то гуцул з Василькова Київської области.
"
sani,14 лис 2013,
Olenall,30 чер 2014,"бувають таки місця, де ввесь час щось трапляється _це жахливо. Але добре тим, хто має Каско, воно стало Доступне КАСКО, а головне відшкодування до 25 000 грн без довідки ДАІ
"
Alexander Shutyuck,15 лип 2014,"Прямо біля Оперного щойно сталося ДТП.
- ще багато фото та коментарі їхнього автора. (
).
Як це сталося? Там всі живі?
"
Olenall,25 чер 2015,"А чи чули ви таке_
"
MARTINI,25 чер 2015,", яке відношення до цієї теми має ваше запитання? На форумі є тема про страхування, там і запитуйте
"
Un.Known,25 чер 2015,"Олена свої запитання сіє по усьому форумі, і не зважає на зауваження. Останнє попередження.
"
MARTINI,13 чер 2013,"Перехрестя Стрийська-Наукова, зіткнення двох БМВ.
Хто винен?
Олень на синій БМВ, який явно пролітав вже на червоне світло?
Олень на сірій БМВ, який рушив ще на жовтий сигнал світлофора?
Олень на запорожці, який заглох посеред перехрестя?
"
консультант,13 чер 2013,"Цитата від MARTINI:
Перехрестя Стрийська-Наукова, зіткнення двох БМВ.
Хто винен?
Олень на синій БМВ, який явно пролітав вже на червоне світло?
Олень на сірій БМВ, який рушив ще на жовтий сигнал світлофора?
Олень на запорожці, який заглох посеред перехрестя?

Вважаю, що олень на сірій БМВ, який рушив ще на жовтий сигнал світлофора. Почекав би на зелене світло, то на синій БМВ встиг би проскочити. Думаю, що той на синім БМВ наздоганяв зелене світло, яке згасло перед ним.
"
MARTINI,13 чер 2013,"але якась невелика частка секунди тут врятували життя кільком людям
Якби синій на тій швидкості не черканувся об сірого, а вальнувся йому в бочину, все було б значно сумніше
"
MARTINI,13 чер 2014,"нині на Стрийській
треба дивитись новини ввечері, бо щось тут не зрозуміло як воно туди попало і чи всі живі-здорові
"
Lvivska Kvitka,16 чер 2014,"Цитата від MARTINI:
нині на Стрийській
треба дивитись новини ввечері, бо щось тут не зрозуміло як воно туди попало і чи всі живі-здорові


Ого!!!Ви дивились,що там таке сталося???
"
MARTINI,16 чер 2014,"отаке нині здибав на кільцевій перед винниківським мостом
Рено кенгу йшов на обгін і в'їхав в прицеп зустрічного камаза. Нащастя, всі живі.
"
Kergudu,16 чер 2014,"тьфу ти, налякалась...ці дтп...то як страшний сон
"
MARTINI,16 лип 2014,"Сьогодні ввечері довго стояв в корку на Городоцькій. Біля оперного побачив причину
"
Green belt,16 лип 2014,"Цитата від MARTINI:
Біля оперного побачив причину

одне питання: ЯК?
"
prius,25 чер 2015,"Я не розумію, що значить блимаючий зелений ,жовтий,червоний?
"
MARTINI,13 чер 2013,"до речі ДАІшники вказали саме на синього, як на винуватця ДТП
але мені здається, що це чудесний зразок взаємного притягування оленів в одному місці і в один час. Всі троє тут свою роль зіграли
"
mrochkizm,13 чер 2013,"Цитата від MARTINI:
Олень на синій БМВ, який явно пролітав вже на червоне світло?

Олень на сірій БМВ, який рушив ще на жовтий сигнал світлофора?

Обоє рябоє, як на мене. Тихіше їдеш - далі будеш. Звісно, якщо не нарвешся на оленя, якому
не писані.
"
MARTINI,14 чер 2013,"Сьогодні вранці на Стуса.
Велосипедист їхав головною дорогою і був збитий бусом.
Велосипедиста забрала швидка.
Сам досить часто, їдучи ровером головною дорогою, зустрічаю рагулів, які виїжджають з другорядної так, ніби мене не існує. Дивиться на тебе, явно бачить, що ти наближаєшся, але пре. ""Це ж ніщєброд і невдаха якийсь педалі крутить, не то шо я, купив си вусьмьорку!""
"
Veselka alj,18 чер 2014,"Просто жах, машина немовби якесь страшне зло повикусовало метал. Але головне що всі живі!
"
MARTINI,16 лип 2014,
mrochkizm,17 лип 2014,"Цитата від MARTINI:


На місці автора відео, який, вочевидь, вважає себе слухняним водієм, я би це відео обрізала або навіть не викладала.
Обгін по зустрічній - це так слухняно, ага. Хоч то було до ДТП, але все ж.
"
MARTINI,17 лип 2014,"Там саме той випадок, що називається яке їхало таке здибало
Просто мерсу повезло, що зелене було в нього
"
Vexler,21 лип 2014,"Там важко назвати зелене - по суті вже заблимав жовтий сигнал світлофора (на відео червоний колір), а він дав газу, щоб пролетіти перехрестя.
Обєктивно кажучи, виинні обоє, просто 60% вина джипа і 40% вина мерса.
До речі, обопільної вини не встановлено, а всю вину поклали на водія япошки.
"
MARTINI,22 лип 2014,"якшо мерс вилітав на блимаючий зелений, то на який тоді вилітала хонда?
"
Vexler,22 лип 2014,"Martini, Хонда не дочекалась навіть жовтого (буквально 1-2 сек мах), а водій скорше всього орієнтувався по світлофору для пішоходів, але він не врахував, що є ще затримка на пару секунд...тих пару метрів, які він випередив у часі якраз стали фатальними.
"
MARTINI,23 лип 2014,"Це прекрасно. Таксист грав в шашки і програв
"
mrochkizm,15 сер 2014,"Називається, вийшли погуляти
Отож, сьогодні побачили на Науковій таку картину:
вул. Наукова, навпроти воріт першого новобуду, якщо виїжджати з Тролейбусної.
:
машина на донецьких номерах, двох пасажирів госпіталізували, водій намагався втекти, але його затримали очевидці (більшість побоїв отримав при затриманні). Водій - п""яний.
Ми підійшли вже як водія міліція садила в свій автомобіль. Чуємо - підходять до даїшника велосипедисити і повідомляють про темного кольору автомобіль, який став впоперек велодоріжки, місце - виїзд з дворів на вул. Наукову, біля магазину меблів на куті з вул. Тролейбусною. Пішли туди. Стоїть оцей автомобіль:
За кермом - молодик років 27-30, чорне волосся, темні брови, зросту в районі 175 см (не вдалося сфоткати). П""янючий, звісно. З боєм люди забрали в нього ключі. Міліція, яка знаходилася на місці ДТП за 300 метрів (!!!) від оцього хюндая не підійшла! Приїхала швидка, і за дві хвилини до того у водія таки забрали ключі і повели його за будинок. Я одразу ж підбігла до лікарів, показала на того чоловіка, говорю: затримайте, заберіть, перевірте, воно або п""яне або накурене або просто хворе (в чому маю великі сумніви). І я в шоці з реакції людей: одна бабулька пропонувала відпустити, ""най собі помало їде дитина"" (без коментарів), інший чоловік, побачивши, що я вказую на горе-водія, почав робити зауваження - та чого ви на нього пальцем показуєте, та то місцевий, та брат його додому повів і ключі забрав, та то не гарно так показувати на людину лікарям (а сидіти вгашеним за кермом - то гарно????). До честі того чоловіка - він один з перших поліз в машину забирати ключі, бо те бидло за кермом ще й битися пробувало.
Мені стало дуже шкода і прикро - люди готові покривати п""яницю, дозволити йому їхати потихенько, пропонувати, що хтось інший сяде за кермо, бо онде міліція, ще такого хорошого сусіда/брата/свата/кума забере, йой, що ж то буде.
Добре, що все закінчилося добре, але це жах, наскільки лояльними є наші люди до п""яниць за кермом і лише тому, що то не донецький, як в іншій машині, а свій, місцевий. Нічого, що воно потім сяде п""яне за кермо, когось покалічить - чи стане заспокоєнням тоді виправдання ""та то ж він тут живе, та нащо його здавати""?
І чому, попри неодноразові звертання, ніхто з міліції не пройшов буквально 300 метрів до того хюндая???
"
Samojlovu4,15 сер 2014,"Поненя, ви дійсно так і не збагнули різницю між нашим та західним менталітетом, і що це має вирішальне значення на майбутнє Держави, або страни? Чому ви дивуєтесь взагалі?! Що і з ким ви ще хочете будувати?!)
"
mrochkizm,15 сер 2014,"Апдейт.
Запостила в групі на Фейсбуку ""Дайте пройти"". Адмін видалив, бо, на його думку, це мої фантазії )))
Тобто п""яниця за кермом Хюндая мені привидівся, бабця з сивим волоссям і темними - на диво - бровами, в синьому платті-халаті, яка пропонувала відпустити дитинку, мені привиділася, чоловік на вигляд років 45-50, який через переднє вікно наполовину заліз в авто і шарпався з водієм, намагаючись забрати ключі, мені теж привидівся (потім цей чоловік робив мені зауваження, чого то я показую лікарям пальцем на горе-водія - то, певно, мені теж почулося). Написали, що номери автівки, яка влетіла в стовп на Науковій, не донецькі, а львівські - може бути, що так. Інформацію про те, що в авто на Науковій були донецькі номери, сказав моєму чоловікові лікар швидкої, котра під""їхала до Хюндая - молодий хлопчина в червоній уніформі лікаря з чемоданом. Тому я і написала - інформація неперевірена!!!
Що добило - адмін групи ""Дайте пройти!"", де скаржаться на паркування впоперек велодоріжок, на тротуарах і т.д., написав ""яка різниця, де людина спить!"". Круто. Дуже круто.
Паркуйтеся, водії, де хочете, в якому хочете стані - головне, засніть. Тоді нікому не буде різниці. Дуже шкодую, що не сфоткала даїшників біля автівки на Науковій - їм повідомляли про той хюндай, просили - а ніхто, ніхто не підійшов. А якби той водій з усієї дурі рванув на Наукову? Не можу уявити навіть, щоб у Європі після стількох звернень міліція залишалася би осторонь.
"
Lvivska Kvitka,17 сер 2014,"Цитата від mrochkizm:
Апдейт.

Запостила в групі на Фейсбуку ""Дайте пройти"". Адмін видалив, бо, на його думку, це мої фантазії )))
Тобто п""яниця за кермом Хюндая мені привидівся, бабця з сивим волоссям і темними - на диво - бровами, в синьому платті-халаті, яка пропонувала відпустити дитинку, мені привиділася, чоловік на вигляд років 45-50, який через переднє вікно наполовину заліз в авто і шарпався з водієм, намагаючись забрати ключі, мені теж привидівся (потім цей чоловік робив мені зауваження, чого то я показую лікарям пальцем на горе-водія - то, певно, мені теж почулося). Написали, що номери автівки, яка влетіла в стовп на Науковій, не донецькі, а львівські - може бути, що так. Інформацію про те, що в авто на Науковій були донецькі номери, сказав моєму чоловікові лікар швидкої, котра під""їхала до Хюндая - молодий хлопчина в червоній уніформі лікаря з чемоданом. Тому я і написала - інформація неперевірена!!!

Що добило - адмін групи ""Дайте пройти!"", де скаржаться на паркування впоперек велодоріжок, на тротуарах і т.д., написав ""яка різниця, де людина спить!"". Круто. Дуже круто.

Паркуйтеся, водії, де хочете, в якому хочете стані - головне, засніть. Тоді нікому не буде різниці. Дуже шкодую, що не сфоткала даїшників біля автівки на Науковій - їм повідомляли про той хюндай, просили - а ніхто, ніхто не підійшов. А якби той водій з усієї дурі рванув на Наукову? Не можу уявити навіть, щоб у Європі після стількох звернень міліція залишалася би осторонь.

Та про що тут можна говорити,в то такий менталітет,нам ще до Європи,як до неба рачки...В нас є люди нормальні,адекватні,але їх мало,а от такого бидла понарозводилось аж забагато...
І мене теж цікавить,як то треба було їхати,щоб так перевернуло??
Цитата від MARTINI:
Апдейт.

Запостила в групі на Фейсбуку ""Дайте пройти"". Адмін видалив, бо, на його думку, це мої фантазії )))
Тобто п""яниця за кермом Хюндая мені привидівся, бабця з сивим волоссям і темними - на диво - бровами, в синьому платті-халаті, яка пропонувала відпустити дитинку, мені привиділася, чоловік на вигляд років 45-50, який через переднє вікно наполовину заліз в авто і шарпався з водієм, намагаючись забрати ключі, мені теж привидівся (потім цей чоловік робив мені зауваження, чого то я показую лікарям пальцем на горе-водія - то, певно, мені теж почулося). Написали, що номери автівки, яка влетіла в стовп на Науковій, не донецькі, а львівські - може бути, що так. Інформацію про те, що в авто на Науковій були донецькі номери, сказав моєму чоловікові лікар швидкої, котра під""їхала до Хюндая - молодий хлопчина в червоній уніформі лікаря з чемоданом. Тому я і написала - інформація неперевірена!!!

Що добило - адмін групи ""Дайте пройти!"", де скаржаться на паркування впоперек велодоріжок, на тротуарах і т.д., написав ""яка різниця, де людина спить!"". Круто. Дуже круто.

Паркуйтеся, водії, де хочете, в якому хочете стані - головне, засніть. Тоді нікому не буде різниці. Дуже шкодую, що не сфоткала даїшників біля автівки на Науковій - їм повідомляли про той хюндай, просили - а ніхто, ніхто не підійшов. А якби той водій з усієї дурі рванув на Наукову? Не можу уявити навіть, щоб у Європі після стількох звернень міліція залишалася би осторонь.

Хоч ніхто не постраждав???
"
Alexander Shutyuck,4 лис 2014,"Причина ранішніх корків на Вітовського.
"
ComisarRex,30 лис 2014,"За 2013 рік [youtube]
"
MARTINI,9 кві 2015,"Нині рано на пр.Чорновола горів тролейбус
"
MARTINI,9 кві 2015,"догорів
, чим не мангал?
"
Hailie,9 кві 2015,"Цитата від MARTINI:
догорів

, чим не мангал?



але ж чорний у вас гумор
"
Ворон,26 чер 2015,"Цитата від Shaggy:


Побачите як Ви будете їздити незабаром.
"
MARTINI,1 лип 2015,"Лежачий на боку трамвай чи палаючий тролейбус на вулицях Львова вже настільки буденне явище, що наші водії практично не звертають на такі інциденти уваги
Сьогодні на Кульпарківській згорів черговий тролейбус.
Випадок цікавий тим, що він горів і при тому продовжував котитися по дорозі.
Гасіння з іншого ракурсу
Поведінка водіїв просто вражає
"
Мих,1 лип 2015,"Цитата від MARTINI:
Поведінка водіїв просто вражає

А мене - людей.
Господарка нашого Садіка.
Давайте купимо ще 10 тролейбусів віком 25 років за ціною нових і проголосуємо за Садіка.
"
MARTINI,1 лип 2015,"То водій - не людина?
"
Samojlovu4,1 лип 2015,"Цитата від Мих:
А мене - людей.
Господарка нашого Садіка.
Давайте купимо ще 10 тролейбусів віком 25 років за ціною нових і проголосуємо за Садіка.

Я шось не поняв, мих - так вроді всі моляться на садового?
"
Latana Royal,1 лип 2015,"Цитата від Мих:
Давайте купимо ще 10 тролейбусів віком 25 років за ціною нових і проголосуємо за Садіка.

"
Veselka alj,4 лип 2015,"Цитата від Latana Royal:
в Харкові гарнюні тролейбуси. З кондиціонерами. А напередодні Нового Року навіть прикрашають всередені.
Приїздіть до нас, ласкаво просимо! Самі побачите

О Харків то ви шикуєте!! Поки Львів на АТО гроші збирає))
"
Latana Royal,4 лип 2015,"Цитата від Veselka alj:
О Харків то ви шикуєте!! Поки Львів на АТО гроші збирає))

Ви взагалi зрозумiли що за висновки зробили? Яким чином тролейбуси торкаються збирання грошей на АТО? Чи Львiв попродавав своi' новi тролейбуси, а тi грошi пiшли в АТО?
"
Мих,4 лип 2015,"Цитата від Veselka alj:
О Харків то ви шикуєте!! Поки Львів на АТО гроші збирає))

Харків не шикує. Просто гроші пішли не в кишеню Садовому, а дійсно на благо громадян.
"
Veselka alj,4 лип 2015,"Цитата від Latana Royal:
Чи Львiв попродавав своi' новi тролейбуси, а тi грошi пiшли в АТО?[/QUO
А скільки в нас є нових тролейбусів?

"
Latana Royal,4 лип 2015,"Цитата від Veselka alj:
А скільки в нас є нових тролейбусів?

хіба то до мене зокрема питання, чи до Харкова взагалі?
у нас ті тролейбуси років 3-4 як з'явились
а гроші на АТО ми пізніше почали збирати, як і ви
і збирають їх громадські організації, активісти, окремі небайдужі люди - тобто всі ті, хто не має відношення до тролейбусів
"
prius,4 лип 2015,"У Львові рагулі і доїзжаючі ніколи не шанували громадскій транспорт,та і тролейбуси і трамваї їздять ще ті що були введені за совка,цікаво чи стодоли (ліази) ще їздять?
"
Dzeko,4 лип 2015,"Цитата від Veselka alj:
О Харків то ви шикуєте!! Поки Львів на АТО гроші збирає))

Тролейбуси виробництва ЛАЗ (м.Львів).
З таким ""шиком""..., гірших троликів немає. На старому чеському в сто раз приємніше проїхатись, ніж на цій колимазі. Я їх навіть пропускаю, або якщо не більше пару зупинок їхати чи взагалі нічого іншого немає.
"
muravey,6 лип 2015,"Одно из молодых деревьев на Городоцкой...
"
Shaggy,6 лип 2015,"100% якийсь бухий бидлан вночі заїхав...
"
Veselka alj,10 лип 2015,"Цитата від Latana Royal:
Я особисто не раз спостерігала, як виставляли на вулицю дуже п'яних,

Ну то вам пощастило їхати з такими добросовісним водієм, але як правило то таких осіб які в неналежному вигляді чи стані дуже часто зустрічаєш, особливо зранку або в вечері!
"
Veselka alj,10 лип 2015,"Цитата від Shaggy:
100% якийсь бухий бидлан вночі заїхав...

Треба в свекрухи розізнати чи вона не знає що там, якраз пейзаж з її вікна. А дерева шкода, щей коштує воно чи мало
"
prius,10 лип 2015,"Цитата від Veselka alj:
Треба в свекрухи розізнати чи вона не знає що там, якраз пейзаж з її вікна. А дерева шкода, щей коштує воно чи мало

А за що їі посадили?
"
Ворон,11 лип 2015,"Цитата від prius:
А за що їі посадили?

Свекруху завжди є за що. А тещу тим паче.
"
prius,11 лип 2015,"А ще прикол якщо це невістка її засадила,а тепер похваляєтся що в свекрухи добрий краєвид з вікна
"
MARTINI,25 чер 2015,"Зелений колір перед тим, як перемкнутись на жовтий блимає тричі, попереджаючи водія, який наближається до перехрестя, що от-от загориться жовтий і за ним червоний сигнал. А шо значить блимаючий жовтий і червоний я сам не знаю.
"
muravey,25 чер 2015,"Просто желтый блымающий - обычно показывает что светофор ""отключен"", остальное от беса. Недавно видел, как работал светофор возле храма Ольги и Елизаветы - одновременно горел зеленый и красный
"
prius,25 чер 2015,"В нас є тількі блимаючий червоний,це означає що світлофор працює як знак стоп,тобто хто перший приїхав на перехрестя той перший поїхав
"
Мих,25 чер 2015,"Цитата від MARTINI:
муравєй, можна зробити скріншот де було б видно пішохода, який йде на зелене? Бо я ще три рази передивився, нічого не побачив крім трамвая, який їде на червоне

Знаєто що тривожить?
От поїхав трамвай під червоне. І не дай Боже попадуться подібні свідки, які почнуть філософствувати: а він (вантажівка)скоро їхав (головне ніхто не знає реальної швидкості), а там пішохід... а там пташка сі обкакала, а світлофор всім до дупи.
От би гахнув кого з таких ""свідків"" трамвай, незважаючи на світлофор, я б подивився...
"
Мих,25 чер 2015,"Цитата від MARTINI:
ше можна було б подумати, шо дійсно у вантажівці якийсь олень їде

та будь він негром приклонних годов, він їхав під зелене...
"
Ворон,25 чер 2015,"Цитата від Мих:
От би гахнув кого з таких ""свідків"" трамвай, незважаючи на світлофор, я б подивився...

""а вони як рвануть...""
"
Ворон,25 чер 2015,"Цитата від Мих:
та будь він негром приклонних годов, він їхав під зелене...

Правильно, як на зелене то можна будь-кого задушити бо то кровне право. Щоб гади знали.
Ось коли почнуть судити як слід приватними позовами на гроші і місто, і водіїв тоді зразу пропаде бажання гнати по місту і не гальмувати ""бо то моє право"". Там до речі масовий позов від всіх пасажирів трамваю і до міста і до придурка на фургоні а також власника фургону, принаймні при функціонуючому законодавстві. Лікує усі проблеми надзвичайно швидко і з’являється бажання пропускати пішоходів, велосипедистів, трамваї і навіть собак з котами. Бо виявляється інші мають право бути не передушеними як би це нелоґічно і негарно не звучало.
"
Мих,25 чер 2015,"Цитата від Ворон:
пропаде бажання гнати по місту і не гальмувати ""бо то моє право"".

Давайте тоді плюнемо на
і введемо одне правило: винуватий той, у кого більші яйця, а в кого менші - завжди прав.
"
Ворон,25 чер 2015,"Цитата від Мих:
Давайте тоді плюнемо на правила і введемо одне правило: винуватий той, у кого більші яйця, а в кого менші - завжди прав.

А хіба зараз не так? У фургона найбільші яйця він і правий.
"
prius,25 чер 2015,"Я раз подивився відео про Львів,так там всі їздять хто як хоче,треба ввести штрафи ,щоб найдешевший був 1000 гр.тоді може навчатся культури водіння
"
Ворон,25 чер 2015,"Цитата від prius:
Я раз подивився відео про Львів,так там всі їздять хто як хоче,треба ввести штрафи ,щоб найдешевший був 1000 гр.тоді може навчатся культури водіння

Львів можна пішки перейти за годину. А женуть ніби до Улан-Батора потрібно за добу доїхати.
"
Shaggy,25 чер 2015,"То всьо фігня. Головне окрім ПДР просто бути уважним і покладатися на себе, а не тільки на знак світлофору)))
Батько був в Ірані, Бангладеші, ше десь був в такого роду країнах. Там нема правил по суті, всі роз""їжджаються самостійно.
А в нас коли концерт/футбол на ""Арені-Львів"" на перехресті Стрийська-Наукова ставлять регулювальника і вимикають світлофор. Потім регулювальник їде, а світлофор не працює. Саме цікаве шо тоді люди уважніші, під""їжджають, дивляться чи хтось їде чи не їде і приймать рішення. А не летять не дивлячись по сторонах)
"
Мих,25 чер 2015,"Цитата від Ворон:
А хіба зараз не так?

не так. почитайте мене і себе і побачите, що не так.
"
Picasso,26 чер 2015,"Цитата від Ворон:
гнати по місту і не гальмувати ""бо то моє право"".

То якісь мантри приховані? Навіщо бубоніти з посту в пост одне і теж? Черговий, і, напевно, останній раз перепитую- з чого взяли, що він гнав? З чого взяли що він не гальмував? Вже є викладена копія ""шайби"" в НЕТі? Навіть якщо він встиг натиснути педаль гальма, то відстань дуже коротка, щоб пригальмувати, і від удару він там літав по кабіні і йому було не до педалей. Тому і пролетів далі.
Цитата від Ворон:
гнати по місту і не гальмувати ""бо то моє право"".

До бабусі в гості. Або до куми з пляшкою.
Цитата від prius:
гнати по місту і не гальмувати ""бо то моє право"".

Не навчаться. За алкоголь вже ніби немалі штрафи. Думаєте не бухають? Це вже діагноз
"
